紅蓮の攻刃,火属性キャラの攻撃力上昇(大),火
紅蓮の攻刃II,火属性キャラの攻撃力上昇(大),火
紅蓮の攻刃III,火属性キャラの攻撃力上昇(特大),火
紅蓮の守護,火属性キャラの最大HP上昇(大),火
紅蓮の技巧,火属性攻撃で弱点を突いた時、クリティカル確率上昇(大),火
紅蓮の背水,火属性キャラのHPが少ないほど攻撃力が上昇(大),火
紅蓮の堅守,火属性キャラのHPが低いほど防御UP,火
紅蓮の暴君,火属性キャラの攻撃力上昇(大)/火属性キャラの最大HP-10%,火
紅蓮の括目,火属性キャラが稀に回避カウンター(ダメージ大)/火属性キャラのダブルアタック確率上昇（小）,火
紅蓮の二手,火属性キャラのダブルアタック確率上昇(大),火
紅蓮の三手,火属性キャラの連続攻撃確率上昇(大),火
紅蓮の必殺,火属性キャラの奥義ダメージUP(大)/奥義ダメージ上限上昇(大),火
機炎方陣・攻刃II,火属性キャラの攻撃力上昇(大),火
機炎方陣・守護,火属性キャラの最大HP上昇(中),火
機炎方陣・守護II,火属性キャラの最大HP上昇(大),火
機炎方陣・見切,火属性キャラが稀に回避カウンター(ダメージ中),火
機炎方陣・見切II,火属性キャラが稀に回避カウンター(ダメージ大),火
機炎方陣・背水,火属性キャラのHPが少ないほど攻撃力が上昇(小),火
機炎方陣・背水II,火属性キャラのHPが少ないほど攻撃力が上昇(大),火
機炎方陣・刹那,火属性キャラの攻撃力上昇(中)/弱点を突いた時クリティカル確率上昇(中),火
機炎方陣・無双,火属性キャラの攻撃力上昇(中)/ダブルアタック確率上昇(中),火
機炎方陣・破壊,火属性キャラのトリプルアタック確率上昇(小),火
機炎方陣・拳武,得意武器が「格闘」の火属性キャラの攻撃力上昇(大),火
紅蓮の呪印,火属性キャラの攻撃力上昇(大)/毎ターンダメージを受ける,火
紅蓮の呪印・弐,2番目に配置された火属性キャラの攻撃力上昇(大)/毎ターンダメージを受ける,火
霧氷の攻刃,水属性キャラの攻撃力上昇(大),水
霧氷の攻刃II,水属性キャラの攻撃力上昇(大),水
霧氷の攻刃III,水属性キャラの攻撃力上昇(特大),水
霧氷の守護,水属性キャラの最大HP上昇(大),水
霧氷の守護II,水属性キャラの最大HP上昇(大),水
霧氷の二手,水属性キャラのダブルアタック確率上昇(大),水
霧氷の見切,水属性キャラ属性キャラが稀に回避カウンター(ダメージ大),水
霧氷の堅守,水属性キャラのHPが低いほど防御UP,水
霧氷の暴君,水属性キャラの攻撃力上昇(大)/水属性キャラの最大HP-10%,水
霧氷の括目,水属性キャラ属性キャラが稀に回避カウンター(ダメージ大)/水属性キャラのダブルアタック確率上昇（小）,水
霧氷の技巧,水属性攻撃で弱点を突いた時、クリティカル確率上昇(大),水
霧氷の渾身,水属性キャラのHPが多いほど攻撃力が上昇(大),水
海神方陣・攻刃II,水属性キャラの攻撃力上昇(大),水
海神方陣・守護II,水属性キャラの最大HP上昇(大),水
海神方陣・技巧II,水属性攻撃で弱点を突いた時、クリティカル確率上昇(大),水
海神方陣・治癒II,水属性キャラの回復上限上昇(大),水
海神方陣・神威,水属性キャラの攻撃力と最大HPが上昇(小),水
海神方陣・克己,水属性キャラのダブルアタック確率上昇(中)/弱点を突いた時クリティカル確率上昇(中),水
海神方陣・杖術,得意武器が「杖」の水属性キャラの攻撃力上昇(大),水
海神方陣・乱舞,水属性キャラの攻撃力上昇(中)/トリプルアタック確率上昇(小),水
海神方陣・必殺,水属性キャラの奥義ダメージUP(中)/奥義ダメージ上限上昇(中),水
イクシード・ウォータ,水属性キャラの奥義ダメージ上限上昇,水
霧氷の追牙・肆,4番目に配置された水属性キャラに水属性追加ダメージ付与(LV1:1%)/奥義ゲージ上昇量30%DOWN,水
水の技巧,水属性攻撃で弱点を突いた時、クリティカル確率上昇(小),水
水の治癒,水属性キャラの回復上限上昇(小),水
水の秘奥,水属性キャラの奥義ダメージUP(小),水
渦潮の無双,水属性キャラの攻撃力上昇(中)/ダブルアタック確率上昇(中),水
渦潮の刹那,水属性キャラの攻撃力上昇(中)/クリティカル確率上昇(中),水
地裂の攻刃,土属性キャラの攻撃力上昇(大),土
地裂の攻刃II,土属性キャラの攻撃力上昇(大),土
地裂の守護,土属性キャラの最大HP上昇(大),土
地裂の守護II,土属性キャラの最大HP上昇(大),土
地裂の治癒,土属性キャラの回復上限上昇(大),土
地裂の背水,土属性キャラのHPが少ないほど攻撃力が上昇(大),土
地裂の堅守,土属性キャラのHPが低いほど防御UP,土
地裂の暴君,土属性キャラの攻撃力上昇(大)/土属性キャラの最大HP-10%,土
地裂の括目,土属性キャラ属性キャラが稀に回避カウンター(ダメージ大)/土属性キャラのダブルアタック確率上昇（小）,土
地裂の秘奥,土属性キャラの奥義ダメージUP(大),土
地裂の無双II,土属性キャラの攻撃力上昇(大)/ダブルアタック確率上昇(大),土
創樹方陣・攻刃II,土属性キャラの攻撃力上昇(大),土
創樹方陣・背水,土属性キャラのHPが少ないほど攻撃力が上昇(小),土
創樹方陣・背水II,土属性キャラの攻撃力がHPが少ないほど上昇(大),土
創樹方陣・守護II,土属性キャラの最大HP上昇(大),土
創樹方陣・神威,土属性キャラの攻撃力と最大HPが上昇(小),土
創樹方陣・羅刹,土属性キャラの攻撃力上昇（中）/ダブルアタック確率DOWN,土
イクシード・アース,土属性キャラの奥義ダメージ上限上昇,土
創樹方陣・渾身,土属性キャラのHPが多いほど攻撃力が上昇(中),土
創樹方陣・技巧II,土属性キャラのクリティカル確率上昇(大),土
創樹方陣・不可侵,土属性キャラが稀に回避カウンター(ダメージ小)/最大HP上昇(小),土
地裂の煽惑・参,3番目に配置された土属性キャラの奥義ダメージUP/敵対心UP,土
乱気の攻刃,風属性キャラの攻撃力上昇(大),風
乱気の攻刃II,風属性キャラの攻撃力上昇(大),風
乱気の攻刃III,風属性キャラの攻撃力上昇(特大),風
乱気の守護,風属性キャラの最大HP上昇(大),風
乱気の技巧,風属性攻撃で弱点を突いた時、クリティカル確率上昇(大),風
乱気の背水,風属性キャラのHPが少ないほど攻撃力が上昇(大),風
乱気の堅守,風属性キャラのHPが低いほど防御UP,風
乱気の暴君,風属性キャラの攻撃力上昇(大)/風属性キャラの最大HP-10%,風
乱気の括目,風属性キャラ属性キャラが稀に回避カウンター(ダメージ大)/風属性キャラのダブルアタック確率上昇（小）,風
乱気の二手,風属性キャラのダブルアタック確率上昇(大),風
乱気の三手,風属性キャラの連続攻撃確率上昇(大),風
嵐竜方陣・攻刃II,風属性キャラの攻撃力上昇(大),風
嵐竜方陣・守護II,風属性キャラの最大HP上昇(大),風
嵐竜方陣・楚歌,バトル開始時から3ターンの間風属性キャラの攻撃力上昇,風
嵐竜方陣・暴君,風属性キャラの攻撃力上昇(大)/風属性キャラの最大HP-10%,風
乱気の疾駆・壱,1番目に配置された風属性キャラのトリプルアタック確率UP(大)/攻撃力15%減少(武器スキル合計から-15%),風
嵐竜方陣・暴風,経過ターンに応じて風属性キャラの連続攻撃確率上昇,風
嵐竜方陣・渾身,風属性キャラのHPが多いほど攻撃力が上昇(中),風
嵐竜方陣・技巧II,風属性キャラのクリティカル確率上昇(大),風
嵐竜方陣・軍神,風属性キャラの最大HP上昇(小)/ダブルアタック確率上昇(小),風
嵐竜方陣・星晶,風属性キャラの星晶獣の攻撃力上昇(中),風
竜巻の無双,風属性キャラの攻撃力上昇(中)/ダブルアタック確率上昇(中),風
竜巻の秘奥,風属性キャラの奥義ダメージUP(中),風
竜巻の背水,風属性キャラのHPが少ないほど攻撃力が上昇(中),風
竜巻の見切,風属性キャラが稀に回避カウンター(ダメージ中),風
天光の攻刃,光属性キャラの攻撃力上昇(大),光
天光の攻刃II,光属性キャラの攻撃力上昇(大),光
天光の攻刃III,光属性キャラの攻撃力上昇(特大),光
天光の守護,光属性キャラの最大HP上昇(大),光
天光の治癒,光属性キャラの回復上限上昇(大),光
天光の括目,光属性キャラ属性キャラが稀に回避カウンター(ダメージ大)/光属性キャラのダブルアタック確率上昇（小）,光
天光の堅守,光属性キャラのHPが低いほど防御UP,光
天光の暴君,光属性キャラの攻撃力上昇(大)/光属性キャラの最大HP-10%,光
天光の三手,光属性キャラの連続攻撃確率上昇(大),光
天光の秘奥,光属性キャラの奥義ダメージUP(大),光
騎解方陣・攻刃II,光属性キャラの攻撃力上昇(大),光
騎解方陣・守護II,光属性キャラの最大HP上昇(大),光
騎解方陣・神威,光属性キャラの攻撃力と最大HPが上昇(小),光
騎解方陣・括目,光属性キャラ属性キャラが稀に回避カウンター(ダメージ大)/光属性キャラのダブルアタック確率上昇（小）,光
騎解方陣・刹那,光属性キャラの攻撃力上昇(小)/クリティカル確率上昇(小),光
騎解方陣・背水,光属性キャラのHPが少ないほど攻撃力が上昇(小),光
騎解方陣・見切,光属性キャラが稀に回避カウンター(ダメージ中),光
騎解方陣・渾身,光属性キャラのHPが多いほど攻撃力が上昇(中),光
騎解方陣・意志,光属性キャラが稀に回避カウンター(ダメージ中)/クリティカル確率上昇(中),光
先制の白の結界,バトル開始時、光属性キャラにバリア効果,光
雷電の渾身,光属性キャラのHPが多いほど攻撃力が上昇(中),光
雷電の必殺,光属性キャラの奥義ダメージUP(中)/奥義ダメージ上限上昇(中),光
天光の渾身,光属性キャラのHPが多いほど攻撃力が上昇(大),光
奈落の攻刃,闇属性キャラの攻撃力上昇(大),闇
奈落の攻刃III,闇属性キャラの攻撃力上昇(特大),闇
奈落の守護,闇属性キャラの最大HP上昇(大),闇
奈落の技巧,闇属性攻撃で弱点を突いた時、クリティカル確率上昇(大),闇
奈落の背水,闇属性キャラのHPが少ないほど攻撃力が上昇(大),闇
奈落の三手,闇属性キャラの連続攻撃確率上昇(大),闇
奈落の堅守,闇属性キャラのHPが低いほど防御UP,闇
奈落の暴君,闇属性キャラの攻撃力上昇(大)/闇属性キャラの最大HP-10%,闇
奈落の括目,闇属性キャラ属性キャラが稀に回避カウンター(ダメージ大)/闇属性キャラのダブルアタック確率上昇（小）,闇
奈落の治癒,闇属性キャラの回復上限上昇(大),闇
奈落の必殺,闇属性キャラの奥義ダメージUP(大)/奥義ダメージ上限上昇(大),闇
黒霧方陣・攻刃,闇属性キャラの攻撃力上昇(中),闇
黒霧方陣・攻刃II,闇属性キャラの攻撃力上昇(大),闇
黒霧方陣・守護,闇属性キャラの最大HP上昇(中),闇
黒霧方陣・守護II,闇属性キャラのHP上昇(大),闇
黒霧方陣・背水,闇属性キャラのHPが少ないほど攻撃力が上昇(小),闇
黒霧方陣・暴君,闇属性キャラの攻撃力上昇(大)/闇属性キャラの最大HP-10%,闇
黒霧方陣・三手,闇属性キャラの連続攻撃確率上昇(大),闇
黒霧方陣・括目,闇属性キャラが稀に回避カウンター(ダメージ大)/ダブルアタック確率上昇(小),闇
黒霧方陣・克己,闇属性キャラのダブルアタック確率上昇(中)/クリティカル確率上昇(中),闇
黒霧方陣・神威II,闇属性キャラの攻撃力と最大HPが上昇(中),闇
業火の攻刃,火属性キャラの攻撃力上昇(中),火
業火の守護,火属性キャラの最大HP上昇(中),火
業火の二手,火属性キャラのダブルアタック確率上昇(中),火
業火の技巧,火属性攻撃で弱点を突いた時、クリティカル確率上昇(中),火
業火の見切,火属性キャラ属性キャラが稀に回避カウンター(ダメージ中),火
業火の背水,火属性キャラのHPが少ないほど攻撃力が上昇(中),火
業火の刹那,火属性キャラの攻撃力上昇(中)/弱点を突いた時クリティカル確率上昇(中),火
業火の羅刹,火属性キャラの攻撃力上昇(中)/ダブルアタック確率DOWN,火
業火の克己,火属性キャラのダブルアタック確率上昇(中)/弱点を突いた時クリティカル確率上昇(中),火
業火の無双,火属性キャラの攻撃力上昇(中)/ダブルアタック確率上昇(中),火
業火の治癒,火属性キャラの回復上限上昇(中),火
機炎方陣・攻刃,火属性キャラの攻撃力上昇(中),火
渦潮の攻刃,水属性キャラの攻撃力上昇(中),水
渦潮の守護,水属性キャラの最大HP上昇(中),水
渦潮の技巧,水属性攻撃で弱点を突いた時、クリティカル確率上昇(中),水
渦潮の見切,水属性キャラ属性キャラが稀に回避カウンター(ダメージ中),水
渦潮の二手,水属性キャラのダブルアタック確率上昇(中),水
渦潮の治癒,水属性キャラの回復上限上昇(中),水
渦潮の背水,水属性キャラのHPが少ないほど攻撃力が上昇(中),水
渦潮の刹那,水属性キャラの攻撃力上昇(中)/弱点を突いた時クリティカル確率上昇(中),水
渦潮の羅刹,水属性キャラの攻撃力上昇(中)/ダブルアタック確率DOWN,水
渦潮の克己,水属性キャラのダブルアタック確率上昇(中)/弱点を突いた時クリティカル確率上昇(中),水
海神方陣・攻刃,水属性キャラの攻撃力上昇(中),水
大地の攻刃,土属性キャラの攻撃力上昇(中),土
大地の守護,土属性キャラの最大HP上昇(中),土
大地の技巧,土属性攻撃で弱点を突いた時、クリティカル確率上昇(中),土
大地の見切,土属性キャラ属性キャラが稀に回避カウンター(ダメージ中),土
大地の背水,土属性キャラのHPが少ないほど攻撃力が上昇(中),土
大地の刹那,土属性キャラの攻撃力上昇(中)/弱点を突いた時クリティカル確率上昇(中),土
大地の羅刹,土属性キャラの攻撃力上昇(中)/ダブルアタック確率DOWN,土
大地の克己,土属性キャラのダブルアタック確率上昇(中)/弱点を突いた時クリティカル確率上昇(中),土
大地の治癒,土属性キャラの回復上限上昇(中),土
大地の無双,土属性キャラの攻撃力上昇(中)/ダブルアタック確率上昇(中),土
大地の渾身,土属性キャラのHPが多いほど攻撃力が上昇(中),土
大地の二手,土属性キャラのダブルアタック確率上昇(中),土
創樹方陣・攻刃,土属性キャラの攻撃力上昇(中),土
創樹方陣・守護,土属性キャラの最大HP上昇(中),土
竜巻の攻刃,風属性キャラの攻撃力上昇(中),風
竜巻の守護,風属性キャラの最大HP上昇(中),風
竜巻の技巧,風属性攻撃で弱点を突いた時、クリティカル確率上昇(中),風
竜巻の二手,風属性キャラのダブルアタック確率上昇(中),風
竜巻の見切,風属性キャラ属性キャラが稀に回避カウンター(ダメージ中),風
竜巻の治癒,風属性キャラの回復上限上昇(中),風
竜巻の楚歌,バトル開始時から3ターンの間風属性キャラの攻撃力上昇,風
竜巻の刹那,風属性キャラの攻撃力上昇(中)/弱点を突いた時クリティカル確率上昇(中),風
竜巻の克己,風属性キャラのダブルアタック確率上昇(中)/弱点を突いた時クリティカル確率上昇(中),風
竜巻の羅刹,風属性キャラの攻撃力上昇(中)/ダブルアタック確率DOWN,風
嵐竜方陣・攻刃,風属性キャラの攻撃力上昇(中),風
嵐竜方陣・背水,風属性キャラのHPが少ないほど攻撃力が上昇(小),風
雷電の攻刃,光属性キャラの攻撃力上昇(中),光
雷電の守護,光属性キャラの最大HP上昇(中),光
雷電の技巧,光属性攻撃で弱点を突いた時、クリティカル確率上昇(中),光
雷電の二手,光属性キャラのダブルアタック確率上昇(中),光
雷電の見切,光属性キャラ属性キャラが稀に回避カウンター(ダメージ中),光
雷電の治癒,光属性キャラの回復上限上昇(中),光
雷電の背水,光属性キャラのHPが少ないほど攻撃力が上昇(中),光
雷電の刹那,光属性キャラの攻撃力上昇(中)/弱点を突いた時クリティカル確率上昇(中),光
雷電の羅刹,光属性キャラの攻撃力上昇(中)/ダブルアタック確率DOWN,光
雷電の克己,光属性キャラのダブルアタック確率上昇(中)/弱点を突いた時クリティカル確率上昇(中),光
雷電の無双,光属性キャラの攻撃力上昇(中)/ダブルアタック確率上昇(中),光
憎悪の攻刃,闇属性キャラの攻撃力上昇(中),闇
憎悪の守護,闇属性キャラの最大HP上昇(中),闇
憎悪の技巧,闇属性攻撃で弱点を突いた時、クリティカル確率上昇(中),闇
憎悪の二手,闇属性キャラのダブルアタック確率上昇(中),闇
憎悪の見切,闇属性キャラ属性キャラが稀に回避カウンター(ダメージ中),闇
憎悪の背水,闇属性キャラのHPが少ないほど攻撃力が上昇(中),闇
憎悪の治癒,闇属性キャラの回復上限上昇(中),闇
憎悪の刹那,闇属性キャラの攻撃力上昇(中)/弱点を突いた時クリティカル確率上昇(中),闇
憎悪の羅刹,闇属性キャラの攻撃力上昇(中)/ダブルアタック確率DOWN,闇
憎悪の克己,闇属性キャラのダブルアタック確率上昇(中)/弱点を突いた時クリティカル確率上昇(中),闇
憎悪の神威,闇属性キャラの攻撃力と最大HPが上昇(中),闇
憎悪の堅守,闇属性キャラのHPが少ないほど防御力上昇(中),闇
憎悪の渾身,闇属性キャラのHPが多いほど攻撃力が上昇(中),闇
憎悪の秘奥,闇属性キャラの奥義ダメージUP(中),闇
憎悪の恩寵,闇属性キャラの最大HP上昇(中)/弱体耐性UP(中),闇
火の攻刃,火属性キャラの攻撃力上昇(小),火
火の守護,火属性キャラの最大HP上昇(小),火
火の二手,火属性キャラのダブルアタック確率上昇(小),火
火の技巧,火属性攻撃で弱点を突いた時、クリティカル確率上昇(小),火
火の背水,火属性キャラのHPが少ないほど攻撃力が上昇(小),火
火の治癒,火属性キャラの回復上限上昇(小),火
火の見切,火属性キャラ属性キャラが稀に回避カウンター(ダメージ小),火
火の神威,火属性キャラの攻撃力と最大HPが上昇(小),火
火の秘奥,火属性キャラの奥義ダメージUP(小),火
水の攻刃,水属性キャラの攻撃力上昇(小),水
水の守護,水属性キャラの最大HP上昇(小),水
水の二手,水属性キャラのダブルアタック確率上昇(小),水
水の三手,水属性キャラの連続攻撃確率上昇(小),水
水の神威,水属性キャラの攻撃力と最大HPが上昇(小),水
水の背水,水属性キャラのHPが少ないほど攻撃力が上昇(小),水
土の攻刃,土属性キャラの攻撃力上昇(小),土
土の守護,土属性キャラの最大HP上昇(小),土
土の二手,土属性キャラのダブルアタック確率上昇(小),土
土の神威,土属性キャラの攻撃力と最大HPが上昇(小),土
土の背水,土属性キャラのHPが少ないほど攻撃力が上昇(小),土
土の秘奥,土属性キャラの奥義ダメージUP(小),土
土の乱舞,土属性キャラの攻撃力上昇(小)/トリプルアタック確率上昇(小),土
土の刃界,土属性キャラの最大HP上昇(小)/クリティカル確率上昇(小),土
風の攻刃,風属性キャラの攻撃力上昇(小),風
風の守護,風属性キャラの最大HP上昇(小),風
風の治癒,風属性キャラの回復上限上昇(小),風
風の技巧,風属性攻撃で弱点を突いた時、クリティカル確率上昇(小),風
風の見切,風属性キャラ属性キャラが稀に回避カウンター(ダメージ小),風
風の神威,風属性キャラの攻撃力と最大HPが上昇(小),風
風の二手,風属性キャラのダブルアタック確率上昇(小),風
風の庇護,風属性キャラの弱体耐性UP(小),風
風の堅守,風属性キャラのHPが少ないほど防御力上昇(小),風
光の攻刃,光属性キャラの攻撃力上昇(小),光
光の守護,光属性キャラの最大HP上昇(小),光
光の二手,光属性キャラのダブルアタック確率上昇(小),光
光の三手,光属性キャラの連続攻撃確率上昇(小),光
光の神威,光属性キャラの攻撃力と最大HPが上昇(小),光
光の背水,光属性キャラのHPが少ないほど攻撃力が上昇(小),光
光の秘奥,光属性キャラの奥義ダメージUP(小),光
闇の攻刃,闇属性キャラの攻撃力上昇(小),闇
闇の守護,闇属性キャラの最大HP上昇(小),闇
闇の技巧,闇属性攻撃で弱点を突いた時、クリティカル確率上昇(小),闇
闇の二手,闇属性キャラのダブルアタック確率上昇(小),闇
闇の三手,闇属性キャラの連続攻撃確率上昇(小),闇
闇の神威,闇属性キャラの攻撃力と最大HPが上昇(小),闇
闇の背水,闇属性キャラのHPが少ないほど攻撃力が上昇(小),闇
闇の刹那,闇属性キャラの攻撃力上昇(小)/弱点を突いた時クリティカル確率上昇(小),闇
闇の克己,闇属性キャラのダブルアタック確率上昇(小)/クリティカル確率上昇(小),闇
先制の炎壁,バトル開始時から8ターンの間火属性キャラの防御力上昇,火
先制の炎刃,バトル開始時から8ターンの間火属性キャラの攻撃力上昇,火
先制の青の結界,バトル開始時、水属性キャラにバリア効果,水
先制の氷刃,バトル開始時から8ターンの間水属性キャラの攻撃力上昇,水
先制の氷壁,バトル開始時から8ターンの間水属性キャラの防御力上昇,水
先制の地刃,バトル開始時から8ターンの間土属性キャラの攻撃力上昇,土
反逆の地刃,被ダメージで土属性キャラの攻撃力上昇(累積),土
先制の岩壁,バトル開始時から8ターンの間土属性キャラの防御力上昇,土
先制の黄の結界,バトル開始時、土属性キャラにバリア効果,土
先制の雲壁,バトル開始時から8ターンの間風属性キャラの防御力上昇,風
先制の白壁,バトル開始時から8ターンの間光属性キャラの防御力上昇,光
反逆の闇刃,被ダメージで闇属性キャラの攻撃力上昇(累積),闇
先制の黒の結界,バトル開始時、闇属性キャラにバリア効果,闇
先制の闇刃,バトル開始時から8ターンの間闇属性キャラの攻撃力上昇,闇
癒しの力,回復タイプの回復効果上昇(小),回復タイプ
癒しの力II,回復タイプの回復効果上昇(),回復タイプ
巨人の守護,HPを500上昇　※スキルLv+1につき+50土属性以外にも効果あり,
イカのきもち,メイン装備時プレイヤーのみトリプルアタック発生確率上昇(特大),
ヤリイカの閃き,メイン装備時プレイヤーのみクリティカル確率上昇(特大),
繁栄の祭火,メイン装備時アイテムドロップ率UP,
パンプキントリック,光属性攻撃で弱点を突いた時、クリティカル確率上昇(中),光
スカルパレード,闇属性キャラのダブルアタック確率上昇(中),闇
ゴーストフロウ,闇属性キャラが稀に敵からの被ダメージを回避,闇
力の代償,強化に使用すると武器スキルLvがあがりやすい(小),
禁断の果実,強化に使用すると武器スキルLvがあがりやすい(中),
鍛錬の攻刃,攻撃力を1000上昇,
鍛錬の守護,HPを200上昇,
竜騎の攻刃,攻撃力を1000上昇,
竜騎の二手,ダブルアタック確率を3%上昇,
勇躍の心得,シナリオイベントでの獲得貢献度UP ※シナリオイベントで獲得した貢献度が、累計貢献度として加算される際にボーナスが付く(MVP判定用の貢献度ではない),
イオとの絆,イオがパーティにいる場合に攻撃UP/防御UP,
魔力の修練,アビリティ攻撃力上昇,
修練の心得,獲得経験値UP(5%) ※祝福の鐘音と併用可。アルビオン流鍛錬と併用不可,
祝福の鐘音,獲得経験値UP(5%) ※修練の心得、又はアルビオン流鍛錬と併用可,
ベストフレンズ,プレイヤーの攻撃力上昇(大),
深い闇,光属性のダメージを3%カット,
明けない夜は無い,闇属性のダメージを3%カット,
澄んだ瞳,主人公のみクリティカル確率上昇(大),
オイゲンとの絆,オイゲンがパーティにいる場合に攻撃UP/防御UP,
老練の技能,奥義ゲージ上昇量UP,
ストリートファイター,メイン装備時にスキンがストリートファイターに変わる,
慈しみ,回復効果/回復上限UP,
ロゼッタとの絆,ロゼッタがパーティにいる場合に攻撃UP/防御UP,
パルファム・コート,弱体効果耐性UP,
熱狂の弾音,オーバードライブゲージを減少させる量が上昇,
ディアンサとの絆,ディアンサがパーティにいる場合に攻撃UP/防御UP,
アルビオン流鍛錬,獲得経験値UP(5%) ※祝福の鐘音と併用可。修練の心得と併用不可,
独り遊び,プレイヤーのダブルアタック確率上昇(大),
練磨の心得,獲得RankポイントUP,
破竹之勢,敵ブレイク時ダブルアタック確率上昇(中)　◆メイン装備時/主人公のみ,
聖夜の瑞雪,メイン装備時アイテムドロップ率UP,
半獣の咆哮,敵の攻撃行動のターゲットになった場合にダブルアタック確率UP(累積)/敵対心UP◆メイン装備時/主人公のみ,
オーバードロー,メイン装備時味方全体のアビリティダメージUP/アビリティダメージ上限UP,
我流の極地,風属性攻撃で弱点を突いた時稀に大ダメージのクリティカルが発生　◆メイン装備時/主人公のみ,
大自然の加護,奥義ゲージ上昇量UP　◆メイン装備時/主人公のみ,
西風のクレシェンド,メイン装備時味方全体の弱体成功率UP,
愛の信託,風属性男性キャラの攻撃力上昇/風属性女性キャラの防御力上昇 ◆メイン装備時,風
ダークドレイン,稀に通常攻撃時の与ダメージに応じて回復 ◆メイン装備時/主人公のみ,
灼滅の赤爪,敵が灼熱状態の時、通常攻撃と奥義に追加ダメージ　◆メイン装備時/主人公のみ,
森の民の知恵,主人公がアビリティを使用したターンに味方全体の攻撃力上昇(累積/最大5回)　◆メイン装備時,
魂の共鳴,戦闘不能のキャラ数に応じて味方全体の攻撃力上昇(最大5人)　◆メイン装備時,
聖なる守護,メイン装備時味方全体の防御力UP/弱体耐性UP,
裁考天の教理,ハイボルテージ状態の時、連続攻撃確率UP　◆メイン装備時/主人公のみ,
ミカエルの祝福,火属性のキャラが風属性の敵に対して与ダメージUP,火
ミカエルの祝福II,火属性のキャラが風属性の敵に対して与ダメージUP,火
ガブリエルの祝福,水属性のキャラが火属性の敵に対して与ダメージUP,水
ガブリエルの祝福II,水属性のキャラが火属性の敵に対して与ダメージUP,水
ウリエルの祝福,土属性のキャラが水属性の敵に対して与ダメージUP,土
ウリエルの祝福II,土属性のキャラが水属性の敵に対して与ダメージUP,土
ラファエルの祝福,風属性のキャラが土属性の敵に対して与ダメージUP,風
ラファエルの祝福II,風属性のキャラが土属性の敵に対して与ダメージUP,風
靂天の暗雲,闇属性キャラの攻撃力上昇(大),
靂天の黒鱗,光属性ダメージ軽減,
奈落の暴君II,闇属性キャラの攻撃力上昇(特大)/闇属性キャラの最大HP-10%,
靂天の極致,闇属性キャラのダメージ上限上昇,
靂天の境界へと至りし者,闇属性キャラが弱体効果「アビリティ封印」無効/弱体成功率UP/アビリティダメージ上限UP◆メイン装備時,
震天の境界へと至りし者,光属性キャラが弱体効果「奥義封印」無効/奥義ダメージ上限UP/光属性キャラの奥義ダメージUP◆メイン装備時,
震天の雷鳴,光属性キャラの攻撃力上昇(大),
震天の黄鱗,闇属性ダメージ軽減,
天光の暴君II,光属性キャラの攻撃力上昇(特大)/光属性キャラの最大HP-10%,
震天の祈り,回復アビリティを使用時に味方全体の光属性攻撃力UP(累積/最大5回),
肉体修復,メイン装備時に主人公のみ再生効果,
腐蝕の禁術,メイン装備時味方全体の腐敗状態の敵からの被ダメージを10%軽減,
ロイヤルギフト,敵が毒状態の時、通常攻撃に土属性追撃効果　◆メイン装備時/主人公のみ,土
チェインフォース,チェインバーストのダメージがＵＰ/チェインバーストのダメージ上限がUP,
イクシード・アース,土属性キャラの奥義ダメージ上限上昇,土
イクシード・ダーク,闇属性キャラの奥義ダメージ上限上昇,闇
空と星を繋ぐ者,獲得経験値UP,
棘皮,メイン装備時味方全体の防御力上昇,
不死身の竜血,メイン装備時に主人公のみ再生効果,
黄木天の箭,毎ターン連続攻撃確率UP ◆メイン装備時/主人公のみ/被ダメージで解除,
マナリアの大いなる秘術,得意武器が「杖」のキャラの奥義ダメージ15%UP (上限1本),
三条宗近の作,得意武器が「刀」のキャラの奥義ダメージ15%UP (上限1本),
五条国永の作,得意武器が「刀」のキャラの防御力15%UP,
粟田口吉光の作,奥義ゲージ上昇量UP　◆メイン装備時/主人公のみ,
陸奥守吉行の作,奥義ダメージUP　◆メイン装備時/主人公のみ,
兼定の作,弱体耐性UP　◆メイン装備時/主人公のみ,
堀川国広の作,ダブルアタック確率上昇　◆メイン装備時/主人公のみ,
紫水の至恩,闇属性キャラの弱体成功率UP,
私だけの笑顔の魔法,メイン装備時に闇属性キャラの回復上限上昇,闇
叛逆の烽火,暗闇状態の敵に対して、ダブルアタック確率UP　◆メイン装備時/主人公のみ,
狐火の光炎,敵が灼熱状態の時、通常攻撃に火属性追撃効果　◆メイン装備時/主人公のみ,火
氷逆天の凍翼,HPが高い程奥義ダメージUP◆メイン装備時/主人公のみ,
竜伐の覇気,土属性キャラの奥義ダメージUP　◆メイン装備時,
立体機動戦術,防御力が下がる(30%)が連続攻撃確率UP(大)(DA、TA率約25%UP)　◆メイン装備時/主人公のみ,
やりづれえならオイラが…,敵が灼熱状態の時、通常攻撃に火属性追撃効果　◆メイン装備時/主人公のみ,火
パワー特化型,被ダメージで攻撃力上昇(累積)　◆メイン装備時/主人公のみ,
トレジャートリック,敵のトレハンLvに応じてダブルアタック確率UP　◆メイン装備時/主人公のみ,
アゲていこうぜェ…,アイテムドロップ率UP,
アーキテクト・アーツ,通常攻撃時に確率で自分にランダムな強化効果　◆メイン装備時/主人公のみ,
シャル・ウイ・デュエル,HPが高い程奥義ダメージUP　◆メイン装備時/主人公のみ,
神秘の前奏曲,風属性キャラクターの攻撃力上昇(大)/メイン装備時味方全体の弱体成功率UP◆攻撃力上昇効果は「乱気の攻刃」として扱う,
心頭滅欲,通常攻撃時に確率で弱体効果を1つ回復 ◆メイン装備時/主人公のみ,
魔蛇の凶牙,主人公のみトリプルアタック確率上昇(大)/弱体効果「石化」無効,
セラフ・アッシャー,光属性攻撃UP効果が付与されている時、ダブルアタック確率UP　◆メイン装備時/主人公のみ,
トレハン教のご加護,バトル開始時、味方全体にバリア効果,
トレハンストライカー,トレハン状態の敵に対して光属性追撃効果　◆メイン装備時/主人公のみ,
トレハン教の威光,味方全体の弱体耐性UP/弱体効果「アビリティ封印」無効,
トレハン教の導き,敵のトレハンLvに応じで連続攻撃確率UP　◆メイン装備時/主人公のみ,
甲殻の一撃,連続攻撃が発生しないが通常攻撃で必ずクリティカルが発生,
トレハン教,味方全体のトレハン状態の敵から受ける被ダメージを軽減,
信じる者は救われる,稀に全ての攻撃を回避　◆メイン装備時/主人公のみ,
神託の御旗,風属性キャラのダメージ上限上昇,
道天の眩耀,主人公の残りHPが多いほど味方全体の攻撃が大きくUP ◆メイン装備時,
必殺武器,光属性キャラのアビリティダメージUP,
サイドアーム,オーバードライブ状態の敵にダブルアタック確率UP　◆メイン装備時/主人公のみ,
果てなき修練,奥義発動時に自分の攻撃力UP(累積)　◆メイン装備時/主人公のみ,
老境の流儀,自分の残りHPが半分より多い時、敵対心UP/半分以下の時、防御力UP　◆メイン装備時/主人公のみ,
灼滅天の憤怒,被ダメージ時、ターン終了時に敵全体に火属性ダメージ　◆発動するたびに性能UP/メイン装備時/主人公のみ,
トリックスター,オーバードライブ状態の敵にクリティカル確率UP　◆メイン装備時/主人公のみ,
闇夜の訪問者,敵の数が少ないほど自分の攻撃力UP　◆メイン装備時/主人公のみ,
ファム・ファタール,通常攻撃時に確率で敵の防御DOWN(累積)◆メイン装備時/主人公のみ,
日輪の御導き,火属性キャラの回復上限上昇(小)/メイン装備時に主人公のみフィールド効果「フレア」発生時にダブルアタック確率UP　◆回復上限上昇効果は「火の治癒」として扱う,
三矢一体,トリプルアタック発動時に自分に与ダメージ上昇効果(累積/最大3回)◆メイン装備時/主人公のみ,
鬼参ル丑ノ刻,自分に呪い効果が付与されている時、闇属性追撃効果　◆メイン装備時/主人公のみ,
ロックオンハート,敵が魅了状態の時、通常攻撃に光属性追撃効果　◆メイン装備時/主人公のみ,
イクシード・ウィンド,風属性キャラの奥義ダメージ上限上昇,風
にんじんハンバーグ,ターン終了時稀にニンジンが降ってきて敵全体に土属性ダメージ　◆メイン装備時/主人公のみ,
ワンタイムヴィジョン,自分のHPが半分以下の時、一度だけターン終了時に幻影効果(3回)　◆主人公のみ,
トリック・オア・トリート,ときどきお菓子がもらえる,
鷲と人間の思慮,主人公の残りHPが多いほど味方全体の攻撃が大きくUP ◆メイン装備時,
アンノウン・ATK,武器属性キャラの攻撃力上昇(EX中),アンノウンスタンプ(土),アイドルマスターコラボ
アンノウン・VIT,武器属性キャラの最大HP上昇(EX中)、(EX小),アンノウンスタンプ(土),アイドルマスターコラボ
アンノウン・ATK II,武器属性キャラの攻撃力上昇(EX大),アンノウンソード(火)秘丹弥虚羅多包丁(水)ブラックアックス(火)マルメテル・ハンマー(土)桃色の団扇(風)カエールベル(風),アイドルマスターコラボ
アンノウン・VIT II,武器属性キャラの最大HP上昇(EX大),アンノウンワンド(風),アイドルマスターコラボ
ストレングス,武器属性キャラの攻撃力上昇(EX大),フェアーソード(火)リスレット(光)ニバンボシ(闇),テイルズコラボ
土方の愛刀,火属性キャラの攻撃力上昇(EX中),和泉守兼定,刀剣乱舞コラボ
西風のラプソディ,風属性キャラの攻撃力上昇(EX大),西風の竪琴,氷炎牆に鬩ぐ
我流の太刀筋,風属性キャラの攻撃力上昇(EX大),河豚毒,サムスピコラボ
森林の祝福,風属性キャラの攻撃力上昇(EX大),白銀の弓,シャドウバースコラボ
貴方へ贈る言葉,風属性キャラの攻撃力上昇(EX大),ダンデライオン,粧して臨めよ花戦
花戦の攻刃,風属性キャラの攻撃力上昇(EX中),サラダトング,粧して臨めよ花戦
花戦の守護,風属性キャラの最大HP上昇(EX中),串揚げ,粧して臨めよ花戦
人馬の覇道,風属性キャラの攻撃力上昇(EX特大),六道・黄木天の箭真・黄木天の箭,ゼノ・サジタリウス撃滅戦
マナリアの聖なる息吹,風属性キャラの攻撃力上昇(EX大),マナリアンホーリーロッド,孤独の竜姫
マナリアの守護,風属性キャラの攻撃力上昇(EX中),マナリアンソード,孤独の竜姫
マナリアの攻刃,風属性キャラの最大HP上昇(EX中),マナリアンナイフ,孤独の竜姫
龍馬の愛刀,風属性キャラの攻撃力上昇(EX中),陸奥守吉行,刀剣乱舞コラボ
ミフネ流剣法・極意,火属性キャラの攻撃力上昇(EX大)/火属性キャラの最大HP-7%,レッド・サン,サクラ大戦コラボ
ミフネ流剣法・双星,火属性キャラのダブルアタック確率UP（EX小）,レッド・サン,サクラ大戦コラボ
エクシード,被ダメージで火属性キャラの攻撃力上昇(EX累積),S・D,テイルズコラボ
炎の背骨,火属性キャラの攻撃力上昇(EX大),スヴァルガントレット,氷晶宮でミックスパイを
叉棘,火属性キャラの攻撃力上昇(EX大),ウーチンフィスト,ポーチャーズ・デイ
刺々の攻刃,火属性キャラの攻撃力上昇(中),ウーチンランス,ポーチャーズ・デイ
刺々の守護,火属性キャラの最大HP上昇(中),ウーチンメイス,ポーチャーズ・デイ
灼滅の覇道,火属性キャラの攻撃力上昇(EX特大),六道・灼滅天の刃鎌,ゼノ・イフリート撃滅戦
サウザンド・ドリーム,火属性キャラの攻撃力上昇(EX大),レッドサイクロン,サウザンド・バウンド
熱砂の攻刃,火属性キャラの攻撃力上昇(EX中),黄金のバゼラード,サウザンド・バウンド
熱砂の守護,火属性キャラのHP上昇(EX中),黄金のファルクス,サウザンド・バウンド
セービングアタック,水属性キャラの攻撃力上昇(EX大),ストリートファイト,ストVコラボ
自動辻斬装置,水属性キャラの攻撃力上昇(EX大),ブラストソード,スレイヤーズコラボ
利無動,水属性キャラの攻撃力上昇(EX大),鶴丸国永,刀剣乱舞コラボ
Vスキル,土属性キャラの攻撃力上昇(EX大),毒手,ストVコラボ
ポイント・オブ・エイム,土属性キャラの攻撃力上昇(EX大),マシン・ボウ,プラチナスカイ
裁考の覇道,土属性キャラの攻撃力上昇(EX特大),六道・裁考天の鳴弦,ゼノ・ウォフマナフ撃滅戦
ロイヤルアフェクション,土属性キャラの攻撃力上昇(EX大),女王の一刺し,お子様ランチ de OH MY リュミエ〜ル♪
美食の攻刃,土属性キャラの攻撃力上昇(EX中),スティンギーレイピア,お子様ランチ de OH MY リュミエ〜ル♪
美食の守護,土属性キャラの最大HP上昇(EX中),ホーネットボウ,お子様ランチ de OH MY リュミエ〜ル♪
国広第一の傑作,土属性キャラの攻撃力上昇(EX中),山姥切国広,刀剣乱舞コラボ
超カッコいい攻刃,水属性キャラの攻撃力上昇(EX大),超カッコいいライフル,俺達のレンジャーサイン！
クールな攻刃,水属性キャラの攻撃力上昇(EX中),超クールなダガー,俺達のレンジャーサイン！
スタイリッシュな守護,水最大HP上昇(EX中),超スタイリッシュな弓,俺達のレンジャーサイン！
極上バナナ,水属性キャラの攻撃力上昇(EX大),バンチ・オブ・バナナス,ハンサム・ゴリラ
甘熟バナナ,水属性キャラの最大HP上昇(EX中),ファイン・バナナ,ハンサム・ゴリラ
芳醇バナナ,水属性キャラの攻撃力上昇(EX中),デリシャス・バナナ,ハンサム・ゴリラ
その魂よ、安らかに,光属性キャラの攻撃力上昇(EX大),ラファエル,サクラ大戦コラボ
スピードスペル,光属性キャラの攻撃力上昇(EX小),フォニックロッド,テイルズコラボ
マジックチャージ,光属性キャラのHPが少ないほど攻撃力が上昇(EX中),フォニックロッド,テイルズコラボ
大自然の摂理,光属性キャラの攻撃力上昇(EX中),チチウシ,サムスピコラボ
天の福音,光属性キャラの攻撃力上昇(EX大),ドミニオンハープ,どうして空は蒼いのか
大いなる業,光属性キャラの攻撃力上昇(EX大),ランス・オブ・ニグレド,アストレイ・アルケミスト
錬金の攻刃,光属性キャラの攻撃力上昇(EX中),ボルト・オブ・アルベド,アストレイ・アルケミスト
錬金の守護,光属性キャラの最大HP上昇(EX中),ブレイド・オブ・アルベド,アストレイ・アルケミスト
天下五剣,光属性キャラの攻撃力上昇(EX大),三日月宗近,刀剣乱舞コラボ
天の理,光属性キャラの最大HP上昇(EX大),リバーススレッド,『失楽園』どうして空は蒼いのか Part.II
座天の攻刃,光属性キャラの攻撃力上昇(EX中),ソロネポール,『失楽園』どうして空は蒼いのか Part.II
智天の守護,光属性キャラの最大HP上昇(EX中),ケルヴィムワンド,『失楽園』どうして空は蒼いのか Part.II
妃光の覇道,光属性キャラの攻撃力上昇(EX特大),六道・道天浄土真・道天浄土,ゼノ・コロゥ撃滅戦
烈光の至恩,闇属性キャラの攻撃力上昇(EX大),光の剣,スレイヤーズコラボ
インテリジェンス,闇属性キャラの攻撃力上昇(EX大)/闇属性キャラの最大HP-7%,ウィーブルロッド,テイルズコラボ
デクステリティ,闇属性キャラのダブルアタック確率UP(EX小),ウィーブルロッド,テイルズコラボ
カースドテンタクル,闇属性キャラの攻撃力上昇(EX大),カースドブレイド,神立、笠雲の合間に閃きて
お友達になってくれる？,闇属性キャラの攻撃力上昇(EX大),ルナのおともだち,シャドウバースコラボ
足利宝剣,闇属性キャラの攻撃力上昇(EX中),骨喰藤四郎,刀剣乱舞コラボ
紫水の光輝,闇属性キャラの攻撃力上昇(EX大),シャローム・ボウ,パープル・スケール
紫水の守護,闇属性キャラの最大HP上昇(EX中),シャローム・カービン,パープル・スケール
紫水の攻刃,闇属性キャラの最大HP上昇(EX中),シャローム・ハープ,パープル・スケール
闇の力を秘めし鍵,闇属性キャラの攻撃力上昇(EX大),封印の杖,カードキャプターさくら 〜さくらと不思議な空の冒険〜
アーキテクト・ATK II,闇属性キャラの攻撃力上昇(EX大),アーキテクトベース,Right Behind You
アーキテクト・ATK,闇属性キャラの攻撃力上昇(EX中),アーキテクトサイス,Right Behind You
アーキテクト・VIT,闇属性キャラの最大HP上昇(EX中),アーキテクトスピア,Right Behind You
超壊獣デスパワーZ,闇闇属性キャラの攻撃力上昇(EX大),デスハンド,ロボミZ
ダークデスフィスト,闇カウンター発動中敵対心UP/カウンターダメージ上昇　◆メイン装備時/主人公のみ,デスハンド,ロボミZ
壊獣デスパワーX,闇属性キャラの攻撃力上昇(EX中),デストライデント,ロボミZ
壊獣デスパワーQ,闇属性キャラの最大HP上昇(EX中),デスナイフ,ロボミZ
ザ・ファントム,闇属性キャラの攻撃力上昇(EX中),万魔の銃,Persona5 Thievery in Blue
狐火の閃揺,火属性キャラの攻撃力上昇(EX大),武王の鉄剣,ごめんなさいとありがとう
狐火の攻刃,火属性キャラの攻撃力上昇(EX中),玉藻弓弦,ごめんなさいとありがとう
狐火の守護,火属性キャラの最大HP上昇(EX中),玉藻呪杖,ごめんなさいとありがとう
氷逆の覇道,水属性キャラの攻撃力上昇(EX特大),六道・氷逆天の戦棍真・氷逆天の戦棍,ゼノ・コキュートス撃滅戦
竜伐の心得,土属性キャラの攻撃力上昇(EX大),ウィルムスウォード,ふたりの騎士道
竜伐の攻刃,土属性キャラの攻撃力上昇(EX中),ワイバーンピック
竜伐の守護,土属性キャラの最大HP上昇(EX中),ウィングスキンバンテージ
肉削ぐ撓刃,風属性キャラの攻撃力上昇(EX大),スナップブレード,進撃の巨人〜タイタニック・イェーガー〜
幻魔の覇道,闇属性キャラの攻撃力上昇(特大),六道・普天幻魔真・普天幻魔,ゼノ・ディアボロス撃滅戦
普天の怨鎖,幻影状態の時、連続攻撃確率UP/回避率UP　◆メイン装備時/主人公のみ,真・普天幻魔,ゼノ・ディアボロス撃滅戦
菩提の探究,風属性キャラの攻撃力上昇(EX大),ベルタワー,年年歳歳煩相似たり
煩悩の攻刃,風属性キャラの攻撃力上昇(EX中),デスペレイトバレル,年年歳歳煩相似たり
煩悩の守護,風属性キャラの最大HP上昇(EX中),デスペレイトガントレ,年年歳歳煩相似たり
阿笠博士の発明品,光属性キャラの攻撃力上昇(EX大),キック力増強シューズ,名探偵コナン 〜謀略の歯車〜
ウィーバースタンス,風属性キャラの攻撃力上昇(EX大),小型自動拳銃,名探偵コナン 〜謀略の歯車〜
裁考天の啓示,被ダメージ時に自分に与ダメージ上昇効果(累積/最大5回)◆メイン装備時/主人公のみ,ラスト・シャフレワル,ゼノ・ウォフマナフ撃滅戦
フォルテ・スオーノ,土属性キャラの攻撃力上昇(EX大),ルネサンス・ハープ,プレガント・コーラス
優美な弦楽器,睡眠状態の敵に対して奥義ダメージUP　◆メイン装備時,ルネサンス・ハープ,プレガント・コーラス
音階の攻刃,土属性キャラの攻撃力上昇(EX中),ジョリー・ダグ,プレガント・コーラス
音階の守護,土属性キャラの最大HP上昇(EX中),ジョリー・ラム,プレガント・コーラス
頂点捕食者,光属性キャラの攻撃力上昇(EX大),ギュムノートゥス,ビリビリ☆エレクトリカルサマー
見敵必雷,被ダメージ時、ターン終了時に敵全体に光属性ダメージ　◆メイン装備時/主人公のみ
新鮮で旬な攻刃,光属性キャラの攻撃力上昇(EX中),ムチン
香ばしい香りの守護,光属性キャラの最大HP上昇(EX中),ンナギのカヴァ焼き
サンシャイナー,水属性キャラの攻撃力上昇(EX大),サンシャインブレード,ラブライブ！サンシャイン!! Aqours スカイハイ！
スクールフレンズ,火属性キャラの攻撃力上昇(EX大)
輝きの道しるべ,ダブルアタック確率UP効果が付与されている時、水属性追撃効果◆メイン装備時/主人公のみ
輝きを目指して,弱体効果を受けていない時奥義ダメージUP　◆主人公のみ
摩武駄致,風属性キャラの攻撃力上昇(EX大),金属バット,蒼空の向こう側
タイマンの極意,敵の数が1体の時、連続攻撃確率UP/防御UP　◆メイン装備時/主人公のみ
特攻の守護,風属性キャラの最大HP上昇(EX中),レンチ
特攻の攻刃,風属性キャラの攻撃力上昇(EX中),メリケンサック
大いなる螺旋,通常攻撃時に攻撃力UP(累積) ◆メイン装備時/主人公のみ,ドリル,メイクアップ＆ゴー！
螺旋の攻刃,土属性キャラの攻撃力上昇(EX大),ドリル
穿孔の攻刃,土属性キャラの攻撃力上昇(EX中),ドリルアーム
穿孔の守護,土属性キャラの最大HP上昇(中),ドリルシューター
プリズムストーンの力,光属性キャラの攻撃力上昇(EX大),レインボーブレス,ふたりはプリキュア　蒼空のおもいで
虹色の光,自分に活性効果　◆メイン装備時/主人公のみ
テイスティーズグッド,火属性キャラの攻撃力上昇(EX大),,ビストロ・フェードラッヘ
デリシャスな攻刃,火属性キャラの攻撃力上昇(EX中)
デリシャスな守護,火属性キャラの最大HP上昇(EX中)
ブレイズオブアームズ,火属性キャラの攻撃力上昇(EX大),ウシュムガル,ブレイブグラウンド
スカーレット・アーツ,火属性キャラのアビリティダメージ上限UP
紅ニ染マル刃,闇属性キャラの攻撃力上昇(EX大),牛鬼包丁,白詰草想話
恨ミノ攻刃,闇属性キャラの攻撃力上昇(EX中)
恨ミノ守護,闇属性キャラの最大HP上昇(EX中)
フローズン・ブレード,水属性キャラの攻撃力上昇(EX大),アイスクレイモア,ふたりはプリキュア　蒼空のおもいで
氷妖精の魔力,ターン終了時に奥義ゲージUP(5%)　◆メイン装備時/主人公のみ
ジャスティス・ロッド,光属性キャラの攻撃力上昇(EX大),司法神の錫杖
授かりし託宣,自分の奥義性能UP　◆メイン装備時/主人公のみ
トラフィックエナジー,光属性キャラの攻撃力上昇(EX大),ミーティアライト,Second Advent
ATKシール,光属性キャラの攻撃力上昇(EX中),メテオライトソード
VITシール,光属性キャラの最大HP上昇(EX中),メテオライトアックス
ふわふわしっぽ,土属性キャラの攻撃力上昇(EX大),キャットテイル,猫島狂詩曲（ミーツェノス・ラプソディ）
自由のかたち,弱体効果を受けていない時、連続攻撃確率UP/回避率UP ◆メイン装備時/主人公のみ
にくきゅうの守護,土属性キャラの最大HP上昇(EX中),ネコ・ジャラシ
にくきゅうの攻刃,土属性キャラの攻撃力上昇(EX中),ネコ・ゴロゴロ
ゲイルオブアームズ,風属性キャラの攻撃力上昇(EX大),ヴィントホーゼ,ブレイブグラウンド
チェインフォース,チェインバーストのダメージがUP/チェインバーストのダメージ上限がUP
獅子と牛の咆哮,闇属性キャラの攻撃力上昇(EX大),ランス・オブ・ケルヴィム,『000（トリプルゼロ）』どうして空は蒼いのか Part.III
黒い残滓の攻刃,闇属性キャラの攻撃力上昇(EX中),アッズ・オブ・エグリゴリ
白い残滓の攻刃,光属性キャラの攻撃力上昇(EX中),ポール・オブ・ソロネ
暁の結界,ターン開始時、主人公のみ確率で自分の弱体効果を1つ回復,緋紋の絢斧,火SSRユエル
魔女の真髄,火属性キャラのアビリティダメージ上限上昇,イリュージョンセプター,火SSRマギサ
大胆不敵,HPが少ないほど攻撃力が上昇(小)　◆主人公のみ,雷公刃ユピテル,火SSRアギエルバ
貫きの牙,火属性キャラの最大HP上昇(中)　メイン装備時に主人公のみ弱点を突いた時、クリティカル率上昇(中)◆HP上昇効果は「業火の守護」として扱う,ブリューナク,火SSRゼタ
未完の錬金術,火属性キャラの攻撃力上昇(大)　メイン装備時に主人公のみモードゲージ減少量UP◆攻撃力上昇効果は「紅蓮の攻刃」として扱う,メビウス,火SSRクラリス
尽忠炎帝,火属性キャラの攻撃力上昇(大)　メイン装備時に敵が恐怖状態の時、主人公のみ通常攻撃に火属性追撃効果,ローエングリン,火SSRパーシヴァル
氷晶宮の加護,水属性キャラのHP上昇(大)/水属性キャラの火属性ダメージ軽減◆HP上昇効果は「霧氷の守護」として扱う,氷晶杖,水SSRリリィ
軍師の気構え,主人公のみ奥義ゲージ上昇量UP　LV15時効果量+10%確認（+1）、マスターボーナスと重複する,ダーインスレイブ,水SSRアルタイル
聖騎士の誇り,水属性キャラの防御UP,輝剣クラウ・ソラス,水SSRシャルロッテ
忠義の瞬刃,ダブルアタック確率上昇(特大)　◆主人公のみ,霧氷剣ペルソス,水SSRランスロット
舞姫の演武,水属性キャラの攻撃力上昇(大)/水属性キャラのダメージ上限上昇◆攻撃力上昇効果は「霧氷の攻刃」として扱う,緋舞扇,水SSRソシエ
狙撃の極意,水属性キャラの攻撃力上昇(大)/メイン装備時に主人公のみ奥義ダメージ上限10%UP◆攻撃力上昇効果は「霧氷の攻刃」として扱う,ヴリスラグナ,水SSRシルヴァ
賢者の加護,土属性キャラのダメージ上限上昇,宝剣アンダリス,土SSRアレーティア
創られし従僕,主人公のみダブルアタック確率上昇(特大),ウロボロス,土SSRカリオストロ
未来の幻視,土属性キャラのアビリティダメージ上限上昇,ガルガンチュア,土SSRアルルメイヤ
奔放の稀人,トリプルアタック確率上昇(大)　◆主人公のみ,ヴァサーゴ,土SSRメルゥ
優しい世界,土属性キャラの最大HP上昇(大)/土属性キャラの回復上限上昇(中)◆地裂の守護/大地の治癒 として扱う,砂上の宮樂弦,土SSRサラ
竜穿の一撃,土属性キャラの攻撃力上昇(大)メイン装備時に主人公のみダブルアタック確率上昇◆攻撃力上昇効果は「地裂の攻刃」として扱う,アスカロン,土SSRジークフリート
鷲王の結界,主人公のみダブルアタック確率上昇(特大),ピラム,風SSRネツァワルピリ
呪われし矜持,メイン武器として装備時、主人公のみ確率で被ダメージカット,閃刃の剣斧,風SSRガウェイン
艶美の術数,主人公のみ弱体成功率UP,エーテリアルボウ,風SSRメーテラ
深緑の装い,弱体耐性UP　◆主人公のみ,ファラウェイ,風SSRレナ
跳姫の妙技,風属性キャラの最大HP上昇(大)風属性キャラの弱体成功率UP◆HP上昇効果は「乱気の守護」として扱う,グランテピエ,風SSRカルメリーナ
天を統べる強風,風属性キャラクターの攻撃力上昇(大)/風属性キャラのアビリティダメージ上限UP◆攻撃力上昇効果は「乱気の攻刃」として扱う,ヘヴンズクラウド,風SSRペトラ
七宝石の結界,通常攻撃をした時、主人公のみ確率でカウンター効果(回避/1回),ケーリュケイオン,光SSRレ・フィーエ
精霊の庇護,光属性キャラの闇属性ダメージ軽減(Lv1:1%、Lv15:15%),封鍵クラウストルム,光SSRサルナーン
貴顕の防衛策,バトルの最初のターン開始時、光属性キャラに弱体効果無効効果(1回),フロッティ,光SSRセルエル
聖女の行進,光属性キャラの攻撃力上昇(大)/メイン装備時に主人公だけ再生効果◆攻撃力上昇効果は「天光の攻刃」として扱う」,カラドボルグ,光SSRジャンヌダルク
雷迅卿の剣技,光属性キャラの最大HP上昇(大)　メイン装備時に主人公のみ連続攻撃確率上昇◆最大HP上昇効果は「天光の守護」として扱う,オートクレール,光SSRアルベール
魔女の結界,メイン武器として装備時、弱体効果耐性UP,ウコンバサラ,闇SSRレディ・グレイ
凶獣の三爪,トリプルアタック確率上昇(大)　◆主人公のみ,ココ＆ミミ,闇SSRケルベロス
血啜りの一閃,闇属性キャラの攻撃力上昇(大)　メイン装備時に主人公のみ被ダメージ時に確率でカウンター◆攻撃力上昇効果は「奈落の攻刃」として扱う,ミストルテイン,闇SSRバザラガ
狂恋の抱擁,闇属性キャラの攻撃力上昇(大)/主人公のみトリプルアタック確率上昇◆攻撃力上昇効果は「奈落の攻刃」として扱う,ラスト・シン,闇SSRヴィーラ
禁忌の悲恋,闇属性キャラクターの攻撃力上昇(大)/闇属性キャラの光属性ダメージ軽減◆攻撃力上昇効果は「奈落の攻刃」として扱う,カーラウロプス,闇SSRサルナーン
英雄たる証明,風属性キャラの攻撃力上昇(大)　メイン装備時、風属性キャラの奥義ダメージUP◆攻撃力上昇効果は「乱気の攻刃」として扱う,ドラゴンスレイヤー,光SSRアーミラ
古今無双の烈拳,火属性キャラの攻撃力上昇(大)メイン装備時に得意武器が「格闘」のキャラのダブルアタック確率UP◆攻撃力上昇効果は「紅蓮の攻刃」として扱う,梵天添甲,火SSRガンダゴウザ
貴顕の舞闘,火属性キャラのクリティカル確率上昇(大)/メイン装備時に主人公のみオーバードライブ状態の敵に連続攻撃確率UP(特大)◆クリティカル確率上昇は「紅蓮の技巧」として扱う,ルーン,火SSRヘルエス
ゼロ・トゥ・ヒーロー,風属性キャラの攻撃力上昇(大)/得意武器が「弓」のキャラのトリプルアタック確率UP◆攻撃力上昇効果は「乱気の攻刃」として扱う,ヒロイックボウ,風SSRフィーナ
胡蝶の剣舞,土属性キャラの攻撃力上昇(大)/メイン装備時に主人公のみ奥義ゲージ上昇量UP(Lv15:15%)◆攻撃力上昇効果は「地裂の攻刃」として扱う,丙子椒林剣,SSRナルメア
変幻自在の剣技,闇属性キャラの攻撃力上昇(大)/メイン装備時に闇属性キャラのアビリティダメージUP/アビリティダメージ上限UP◆攻撃力上昇効果は「奈落の攻刃」として扱う,不動国行,SSRヨダルラーハ
逆鱗の槍術,トリプルアタック発動時に攻撃力UP(累積)◆メイン装備時/主人公のみ,ドラグホーン,グレア (SSR)水着バージョン
魔導の熟達者,火属性キャラのダブルアタック確率上昇(中)/火属性キャラのアビリティダメージ上限UP◆ダブルアタック確率上昇効果は「業火の二手」として扱う,ピンク・エーテリアル,火SSRメーテラ
ゴールデン・アーツ,光属性キャラのアビリティダメージ上限UP,ソードコーン,光SSRメリッサベル(バレンタインver)
